,AvgTurnover,CAGR@0bp,Sharpe@0bp,CAGR@10bp,Sharpe@10bp,CAGR@25bp,Sharpe@25bp
Momentum (12-1),0.18125374928653615,0.29499450557849394,1.1781622996554029,0.2894544769875569,1.1601199921740968,0.2811837804413144,1.133060284544672
Low Volatility,0.06668137858614048,0.19374125191028058,1.1235393675844103,0.19186335231724017,1.1144332109312618,0.1890508528457493,1.1007411379629932
Short-Term Reversal,0.6710026725411341,0.25770907143424204,1.058949511814673,0.23796355323383422,0.9939293385583838,0.2088757159674408,0.8962764476042491
