,AvgTurnover,CAGR@0bp,Sharpe@0bp,CAGR@10bp,Sharpe@10bp,CAGR@25bp,Sharpe@25bp
Momentum (12-1),0.18125374928653615,0.29499450332232313,1.1781623031912083,0.28945447474816444,1.160119995582626,0.28118377822695173,1.1330602877577736
Low Volatility,0.06668137858614048,0.19374124568808582,1.1235395629575482,0.1918633460965249,1.1144334038992605,0.1890508466272276,1.100741327311657
Short-Term Reversal,0.6710026725411341,0.2577090983253365,1.058949652107294,0.23796357975595228,0.993929474901827,0.20887574194466452,0.8962765779599793
