,CAGR,AnnVol,Sharpe,MaxDD,HitRate,Months
Equal-Weight Tech (benchmark),0.268101762408985,0.2140394290889955,1.225226467928049,-0.37062748493319186,0.6581632653061225,196.0
Momentum (12-1) - Long top 1/3,0.29499450332232313,0.24639917555989715,1.1781623031912083,-0.3454465482460374,0.6120218579234973,183.0
Momentum (12-1) - Long/Short,0.04442279108245084,0.17769407641583684,0.3294575119441347,-0.3234712438349925,0.5355191256830601,183.0
Low Volatility - Long top 1/3,0.19374124568808582,0.1717509568548623,1.1235395629575482,-0.318373664015003,0.6613756613756614,189.0
Low Volatility - Long/Short,-0.1828783364809824,0.19302121363339791,-0.9379047143621897,-0.962782934188115,0.41798941798941797,189.0
Short-Term Reversal - Long top 1/3,0.2577090983253365,0.24613262257444402,1.058949652107294,-0.34720450425342275,0.6205128205128205,195.0
Short-Term Reversal - Long/Short,-0.021992576609672576,0.15680161953135546,-0.06363222812698754,-0.5714852536666675,0.49230769230769234,195.0
