,CAGR,AnnVol,Sharpe,MaxDD,HitRate,Months
Equal-Weight Tech (benchmark),0.2681017577786404,0.21403944526018204,1.2252263750893895,-0.3706274843685241,0.6581632653061225,196.0
Momentum (12-1) - Long top 1/3,0.2949944577921486,0.24639918120927604,1.1781621364087278,-0.3454466520827766,0.6120218579234973,183.0
Momentum (12-1) - Long/Short,0.04442272864528496,0.177694080974715,0.3294571694494666,-0.3234712551622454,0.5355191256830601,183.0
Low Volatility - Long top 1/3,0.1937412340752025,0.17175099179968883,1.1235393122680102,-0.3183736698956644,0.6613756613756614,189.0
Low Volatility - Long/Short,-0.1828783522546309,0.19302121604012287,-0.9379048000400777,-0.9627829520311372,0.41798941798941797,189.0
Short-Term Reversal - Long top 1/3,0.25770906783658587,0.2461326443740999,1.0589494803669537,-0.3472044997067404,0.6205128205128205,195.0
Short-Term Reversal - Long/Short,-0.02199265869130107,0.15680159442801056,-0.06363279833811573,-0.5714853448882522,0.49230769230769234,195.0
